Institute Name,Library Name,Library Phone,Library Email,Technical Name,Technical Phone,Technical Email
"ABMSPs Shri Shahu Mandir Mahavidyalaya of Arts and Commerce, Pune",,,,,,
"A B N Seal College, Coochbehar",,,,,,
"ABV Government Degree College, Jangaon",,,,,,
"ABV Indian Institute of Information Technology & Management, Gwalior",,,,,,
Acharya Nagarjuna University,,,,,,
Acharya Narender Dev College,,,,,,
"Acharya NG Ranga Agricultural University, Guntur",,,,,,
ACSR Government Medical College,,,,,,
"Adarsh College, Rajdhanwar",,,,,,
"Adikavi Nannaya University, Rajahmundry",,,,,,
Administrative Staff College of India,,,,,,
A D P College,,,,,,
Advanced Data Processing Research Institute,,,,,,
Advanced Systems Laboratory,,,,,,
Aerial Delivery Research and Development Establishment,,,,,,
Aeronautical Development Establishment,,,,,,
Agarkar Research Institute,,,,,,
"Alagappa Chettiar College of Engineering & Technology, Karaikudi",,,,,,
Alagappa University,,,,,,
"Aliah University, Kolkata",,,,,,
Aligarh Muslim University,,,,,,
"Ali Yavar Jung National Institute of the Hearing  Handicapped, Mumbai",,,,,,
All India Institute of Ayurveda,,,,,,
"All India Institute of Medical Sciences (AIIMS), Bhatinda",,,,,,
"All India Institute of Medical Sciences (AIIMS), Bhopal",,,,,,
"All India Institute of Medical Sciences (AIIMS), Bhubaneswar",,,,,,
"All India Institute of Medical Sciences (AIIMS), Bibinagar",,,,,,
"All India Institute of Medical Sciences (AIIMS), Bilaspur",,,,,,
"All India Institute of Medical Sciences (AIIMS), Delhi",,,,,,
"All India Institute of Medical Sciences (AIIMS), Deoghar",,,,,,
"All India Institute of Medical Sciences (AIIMS), Guwahati",,,,,,
"All India Institute of Medical Sciences (AIIMS), Jammu",,,,,,
"All India Institute of Medical Sciences (AIIMS), Jodhpur",,,,,,
"All India Institute of Medical Sciences (AIIMS), Kalyani",,,,,,
"All India Institute of Medical Sciences (AIIMS), Madurai",,,,,,
"All India Institute of Medical Sciences (AIIMS), Mangalagiri",,,,,,
"All India Institute of Medical Sciences (AIIMS), Nagpur",,,,,,
"All India Institute of Medical Sciences (AIIMS), Patna",,,,,,
"All India Institute of Medical Sciences (AIIMS), Raebareli",,,,,,
"All India Institute of Medical Sciences (AIIMS), Raipur",,,,,,
"All India Institute of Medical Sciences (AIIMS), Rajkot",,,,,,
"All India Institute of Medical Sciences (AIIMS), Rishikesh",,,,,,
"All India Institute of Physical Medicine & Rehabilitation, Mumbai",,,,,,
"All India Institute of Speech and Hearing, Manasagangothri, Mysore",,,,,,
"All Saint`s College, Thiruvananthapuram",,,,,,
Ambedkar College,,,,,,
"Ambedkar University, Delhi",,,,,,
A.M.P. LAW COLLEGE-RAJKOT,,,,,,
"Anand Law College, Anand",,,,,,
A N D College,,,,,,
Andhra University,,,,,,
Andhra University College of Engineering,,,,,,
Annamalai University,,,,,,
Anna University,,,,,,
"A N S College, Barh",,,,,,
A P Government Institute of Leather Technology,,,,,,
"Aryabhatta Knoweledge University, Patna",,,,,,
Asansol Girls' College,,,,,,
"A.S. College, Bikramganj",,,,,,
"A. S. College, Srinagar",,,,,,
A.S.N.M. Govt. Degree College for Men,,,,,,
Assam Medical College P.O. Dibrugarh- 786003,,,,,,
Assam Rajiv Gandhi University of Cooperative Management,,,,,,
Assam Science and Technology University,,,,,,
Assam University,,,,,,
Assam Women's University,,,,,,
Atal Bihari Vajpayee Institute of Medical Sciences & Dr. Ram Manohar Lohia Hospital,,,,,,
Atal Bihari Vajpayee Medical University,,,,,,
Atal Bihari Vajpayee Vishwavidyalaya,,,,,,
Atomic Minerals Directorate for Exploration and Research,,,,,,
Avinashilingam Institute for Home Science and Higher Education Women,,,,,,
Awadhesh Pratap Singh University,,,,,,
Ayurvedic & Unani Tibbia College,,,,,,
"B205 Govt First Grade Degree College,Bidar",,,,,,
"Baba Farid University of Health & Medical Sciences, Faridkot",,,,,,
Baba Ghulam Shah Badshah University,,,,,,
"Babasaheb Bhimrao Ambedkar Bihar University, Muzaffarpur",,,,,,
Babasaheb Bhimrao Ambedkar University,,,,,,
"Bahera College, Bahera",,,,,,
Bahona College P.O. Bahona,,,,,,
"Bahuddin Govt. Science College, Junagadh",,,,,,
Balagarh B.K. Mahavidyalaya,,,,,,
Balarampur College,,,,,,
Bamanpukur Humayun Kabir Mahavidyalaya,,,,,,
Banaras Hindu University,,,,,,
"Banda University of Agriculture and Technology, Banda",,,,,,
Bangalore University,,,,,,
"Bankura University, Bankura",,,,,,
Bant Achalika College,,,,,,
Baosi Banikanta Kakoti College,,,,,,
Barbhag College,,,,,,
Barkatullah University,,,,,,
Barpeta Road Howli College,,,,,,
B.B. Kishan College,,,,,,
B Borooah College,,,,,,
Belgaum Institute of Medical Sciences,,,,,,
Bengaluru Dr.B.R. Ambedkar School of Economics University,,,,,,
"Bengaluru North University, Kolar",,,,,,
Berhampur University,,,,,,
"Bhabha Atomic Research Centre (BARC), Mumbai",,,,,,
Bhagalpur College of Engineering,,,,,,
Bhagat Phool Singh Mahila Vishwavidyalaya,,,,,,
Bhagini Nivedita College,,,,,,
Bhai Parmanand Institute of Business Studies,,,,,,
Bhakta Kavi Narsinh Mehta University,,,,,,
Bharathiar University,,,,,,
Bharathidasan University,,,,,,
"Bhattadev University, Bajali",,,,,,
Bhatter College,,,,,,
Bhawanipur Anchalik College,,,,,,
"Bhupendra Narayan Mandal University, Madhepura",,,,,,
Bidhan Chandra College,,,,,,
"Bidhan Chandra Krishi Vishwavidyalaya , Nadia",,,,,,
"Bihar Agriculture University, Sabour",,,,,,
Bihar Animal Sciences University,,,,,,
Bihpuria College P.O. Bihpuria-784164,,,,,,
Bijni College,,,,,,
"Biju Patnaik Homeopathy Medical College & Hospital, Berhampur",,,,,,
Bikali College,,,,,,
Binandi Chandra Medhi College,,,,,,
Bineswar Brahma Engineering College,,,,,,
Binod Bihari Mahto Koyalanchal University,,,,,,
"Bipin Tripathi Kumaon Institute of Technology , Dwarahat",,,,,,
Birangana Sati Sadhani Rajyik Vishwavidyalaya,,,,,,
Bir Bikram Memorial College,,,,,,
Biswa Bangla Biswabidyalay,,,,,,
"B I T Sindri, Dhanbad",,,,,,
BJR Govt. Degree College,,,,,,
"B.K.MODI GOVERMENT PHARMACY COLLEGE, RAJKOT 212",,,,,,
"B. K. Mody Govt.Pharmacy College (Diploma), Rajkot 403",,,,,,
B.L.B. College Sibsagar,,,,,,
"BNM College, Barhaiya",,,,,,
Bodoland University,,,,,,
Bongaigaon College,,,,,,
Bordoloni Central College,,,,,,
"B P Mandal College of Engineering, Madhepura",,,,,,
"B R Mirdha Government College, Nagour",,,,,,
"B.S.College, Danapur",,,,,,
"Bundelkhand Institute of Engineering & Technology, Jhansi",,,,,,
Bundelkhand University,,,,,,
C325 Govt First Grade College Shahapur,,,,,,
C429 Govt  F G College Aland,,,,,,
Cachar College,,,,,,
"Calcutta National Medical College Hospital, Kolkatta",,,,,,
Calcutta University,,,,,,
"Capital Law College, Bhubaneswar",,,,,,
"C - DAC, NOIDA",,,,,,
"Central Building Research Institute, Roorkee",,,,,,
Central Council for Research in Ayurvedic Sciences,,,,,,
Central Council for Research In Homoeopathy (CCRH),,,,,,
Central Council for Research in Unani Medicine (CCRUM),,,,,,
Central Drug Research Institute,,,,,,
Central Electrochemical Research Institute,,,,,,
Central Electronics Enginnering Research Institute,,,,,,
"Central Food Technological Research Institute, Mysore",,,,,,
Central Glass and Ceramic Research Institute,,,,,,
"Central Institue Of Plastics Engg. & Tech., Ahmedabad",,,,,,
"Central Institute of Fisheries Education, Fishries University, Mumbai",,,,,,
"Central Institute of Indian Languages, Manasagangotri, Mysore",,,,,,
Central Institute of Medicinal and Aromatic Plants,,,,,,
"Central Institute of Petrochemicals Engineering and Technology (CIPET), Gwalior",,,,,,
Central Institute of Petrochemicals Engineering & Technology,,,,,,
"Central Institute of Petrochemicals Engineering & Technology (CIPET), Bhopal",,,,,,
"Central Institute of Petrochemicals Engineering & Technology (CIPET), Jaipur",,,,,,
"Central Institute of Petrochemicals Engineering & Technology (CIPET), Korba",,,,,,
"Central Institute of Petrochemicals Engineering & Technology (CIPET), Purba Medinipur",,,,,,
"Central Institute of Petrochemicals Engineering & Technology (CIPET), Ranchi (Id: S-19061)",,,,,,
"Central Institute of Petrochemicals Engineering & Technology: Institute of Petrochemicals Technology ( CIPET: IPT), Bhubaneswar",,,,,,
"Central Institute of Plastics Engineering and Technology, Kamrup",,,,,,
"Central Institute of Plastics Engineering and Technology, Sonepat",,,,,,
Central Institute Of Plastics Engineering & Technology Hyderabad,,,,,,
Central Institute of Plastics Engineering & Technology Vaishali,,,,,,
Central Institute of Psychiatry,,,,,,
"Central Institute of Technology, Kokrajhar",,,,,,
"Central Research Institute. Kasauli, Distt Solan",,,,,,
Central Research Institute of Ayurveda,,,,,,
Central Road Research Institute,,,,,,
Central Salt and Marine Chemicals Research Institute,,,,,,
"Central Sanskrit University (formerly Rashtriya Sanskrit Sansthan), New Delhi",,,,,,
"Central University of Andhra Pradesh, Ananthapuramu",,,,,,
Central University of Gujarat,,,,,,
Central University of Haryana,,,,,,
Central University of Himachal Pradesh,,,,,,
Central University of Jammu,,,,,,
Central University of Jharkhand,,,,,,
Central University of Karnataka,,,,,,
Central University of Kashmir,,,,,,
Central University of Kerala,,,,,,
Central University of Odisha,,,,,,
Central University of Punjab,,,,,,
Central University of Rajasthan,,,,,,
Central University of South Bihar,,,,,,
Central University of Tamil Nadu,,,,,,
Central University of Tibetan Studies,,,,,,
Centre for Airborne Systems,,,,,,
Centre for Artificial Intelligence & Robotics,,,,,,
Centre for Cellular and Molecular Biology (CCM),,,,,,
"Centre For Computers & Communication Technology, Chisopani",,,,,,
Centre for Development of Telematics (CDOT),,,,,,
Centre for Development Studies,,,,,,
Centre for Economic and Social Studies,,,,,,
"Centre for Fire, Explosive and Environment Safety",,,,,,
Centre for Military Airworthiness & Certification,,,,,,
"Centre for Research in Rural and Industrial Development (CRRID), Chandigarh",,,,,,
"Centre for the Study of Developing Societies (CSDS), Delhi",,,,,,
"Centre for Women's Development Studies (CWDS), Delhi",,,,,,
Chaiduar College,,,,,,
Chamarejendra Government College of Visual Arts,,,,,,
Chanakya National Law University,,,,,,
"Chandigarh College of  Engineering & Technology (Degree Wing), Sector-26",,,,,,
CHANDRAGUPT INSTITUTE OF MANAGEMENT PATNA,,,,,,
"Chandra Kamal Bezbaruah College, Teok",,,,,,
"Chandra Shekhar Azad University of Agriculture & Technology, Kanpur",,,,,,
"Chas College, Chas, Bokaro",,,,,,
"Chatra College, Chatra",,,,,,
Chaudhary Bansi Lal University,,,,,,
Chaudhary Charan Singh University,,,,,,
Chaudhary Devi Lal University,,,,,,
"Chaudhary Ranbir Singh University, Jind",,,,,,
"Ch.Bansi Lal G.C. For Women, Tosham",,,,,,
"Ch.Bansi Lal G. C, Loharu",,,,,,
Chhatrapati Shahu Ji Maharaj Kanpur University,,,,,,
"Chhattisgarh Swami Vivekanand Technical University, Bhilai",,,,,,
Chikkanna Govt Arts College,,,,,,
Chilarai College,,,,,,
Chittaranjan National Cancer Institute,,,,,,
"CIPET Centre for Skilling and Technical Support (CSTS), Baddi",,,,,,
"CIPET Centre for Skilling and Technical Support (CSTS), Madurai",,,,,,
CIPET : Institute of Petrochemicals Technology (IPT),,,,,,
C M College,,,,,,
Cochin University of Science and Technology,,,,,,
"COEP Technological University (formerly College of Engineering, Pune)",,,,,,
"College of Agricultural Engineering, Bapatla",,,,,,
"College of Applied Science (IHRD), Puthuppally -686034",,,,,,
"College of Applied Sciences, Dhanuvachapuram, Parassala",,,,,,
"College of Applied Sciences, Kuzhalmannam",,,,,,
College of Art,,,,,,
"College of Engg., Guindy Campus",,,,,,
"College of Engineering ,Adoor",,,,,,
"College of Engineering and Management, Vadackal P.O., Punnappara, Alappuzha",,,,,,
"College of Engineering, Aranmula",,,,,,
"College of Engineering, Attingal",,,,,,
"College of Engineering ,Kallooppara",,,,,,
"College of Engineering ,Karunagappally",,,,,,
"College of Engineering , Munnar",,,,,,
College of Engineering Muttathara,,,,,,
"College of Engineering, Thiruvananthapuram",,,,,,
"College of Fisheries, Mangalore",,,,,,
"College of Medicine and J N M Hospital, Kalyani",,,,,,
College of Military Engineering,,,,,,
College of Veterinary Science,,,,,,
Combat Vehicles Research & Development Estt,,,,,,
Cooch Behar Government Engineering College,,,,,,
Cooch Behar Panchanan Barma University,,,,,,
"Cotton University, Guwahati",,,,,,
"Council for Social Development, (CSD), Hyderabad",,,,,,
"C.U.Shah Polytechnic,Surendranagar 609",,,,,,
Dakshina Bharat Hindi Prachar Sabha,,,,,,
"Damodaram Sanjivayya National Law University, Visakhapatnam",,,,,,
Darbhanga College of Engineering,,,,,,
Davangere University,,,,,,
Dayalbagh Educational Institute,,,,,,
Deccan College Post-Graduate and Research Institute,,,,,,
"Deccan Education Society`s Fergusson College, Pune",,,,,,
Deenbandhu Chhotu Ram University of Science & Technology,,,,,,
Deen Dayal Upadhyaya Gorakhpur University,,,,,,
Defence Bio-Engineering and Electromedical Laboratory,,,,,,
Defence Electronics Applications Laborarory,,,,,,
Defence Electronics Research Laboratory,,,,,,
Defence Food Research Laboratory,,,,,,
"Defence Institute of Advanced Technology, Pune",,,,,,
Defence Institute of Bio-Energy Research (DIBER),,,,,,
Defence Institute of High Altitude Research,,,,,,
Defence Institute of Physiology and Allied Sciences,,,,,,
Defence Institute of Psychological Research,,,,,,
"Defence Laboratory, Ratanada Palace",,,,,,
Defence Materials and Stores Research & Development Estt,,,,,,
Defence Metallurgical Research Laboratory,,,,,,
Defence Research & Development  Establishment,,,,,,
Defence Research & Development Laboratory,,,,,,
Defence Research Laboratory,,,,,,
Defence Scientific Information & Documentation (DESIDOC),,,,,,
Delhi Pharmaceutical Sciences and Research University,,,,,,
Delhi Technological University,,,,,,
Devi Ahilya University,,,,,,
Dewan Abdul Gani College,,,,,,
"Dharmashastra National Law University, Jabalpur",,,,,,
Dharwad Institute of Mental Health and Neurosciences (DIMHANS),,,,,,
Dhing College,,,,,,
Diamond Harbour Government Medical College and Hospital,,,,,,
Diamond Harbour Women's University,,,,,,
Dibrugarh University,,,,,,
Digboi College,,,,,,
Dimapur Government College,,,,,,
"Dinsha Patel College of Nursing, Nadiad",,,,,,
"D K College, Baleshwar",,,,,,
"D.K. Govt. Degree College for Women, Nellore",,,,,,
D.N.R. (A) COLLEGE,,,,,,
D.N.R. Govt. Degree College For Women,,,,,,
Dolgoma Anchalik College,,,,,,
Don Bosco College,,,,,,
"Doom Dooma College, Rupaisiding",,,,,,
Doon University,,,,,,
Doranda College,,,,,,
"Dr A C Homeopathic Medical College & Hospital, Bhubaneswar",,,,,,
"Dr A P J Abdul Kalam Technical University, Lucknow",,,,,,
Dravidian University,,,,,,
Dr. Babasaheb Ambedkar Marathwada University,,,,,,
"Dr. Babasaheb Ambedkar Open University, Ahmedabad",,,,,,
Dr. Babasaheb Ambedkar Technology University,,,,,,
"Dr. Balasaheb Sawant Konkan Krishi Vidyaapeeth,(former Konkan Krishi Vidyapeeth) Ratnagiri",,,,,,
Dr. Bhim Rao Ambedkar University,,,,,,
Dr. Bhupen Hazarika Regional Government Film and Television Institute,,,,,,
Dr. B.K.B. College,,,,,,
Dr. B.R.A. Govt. Girls Degree College,,,,,,
"Dr B R Ambedkar Institute of Technology, Port Blair",,,,,,
Dr. B.R. Ambedkar National Institute of Technology,,,,,,
"Dr. B.R. Ambedkar National Law University, Sonipat",,,,,,
"Dr B R Ambedkar Open University, Hyderabad",,,,,,
"Dr B R Ambedkar State Institute of Medical Sciences, SAS Nagar , Mohali",,,,,,
"Dr B R Ambedkar University, Etcherla",,,,,,
Dr B R Ambedkar University of Social Sciences,,,,,,
"Dr. BRR Govt. College, Jadcherla",,,,,,
DRDO Naval Physical & Oceanographic Lab,,,,,,
DRDO Proof and Experimental Establishment,,,,,,
DRDO Recruitment & Assessment Centre,,,,,,
Dr. Harisingh Gour Vishwavidyalaya,,,,,,
Dr. L.K.V.D.College,,,,,,
"Dr. N.T.R. University of Health Sciences, Vijaywada",,,,,,
"Dr Rajendra Prasad Central Agricultural University, Samastipur",,,,,,
Dr. Ram Manohar Lohia Avadh University,,,,,,
Dr. Ram Manohar Lohia Institute of Medical Sciences,,,,,,
Dr. Ram Manohar Lohiya National Law University,,,,,,
Dr. Shakuntala Misra National Rehabilitation University,,,,,,
"Dr. Shankarrao chavan Govt Medical College,  Vazirabad, Nanded",,,,,,
"Dr Shyama Prasad Mukherjee International Institute of Information Technology, Naya Raipur",,,,,,
"Dr Shyma Prasad Mukherjee University, Ranchi",,,,,,
"DR S N MEDICAL COLLEGE AND HOSPITAL, JODHPUR",,,,,,
"Dr S & S S Gandhi college of Engineering and Technology, Surat",,,,,,
"DR. S. & S. S. GHANDHY GOVERNMENT ENGINEERING COLLEGE, SURAT 023",,,,,,
"Dr. Vaishampayan Memorial Govt. Medical  College, Solapur",,,,,,
Dr. V.S. Krishna Government Degree College,,,,,,
"Dr. Y.S. Parmar University of Horticulture and Forestry, Solan",,,,,,
"D S Government Degree College for Women, Ongole",,,,,,
Durgapur Government College,,,,,,
Durg University,,,,,,
"E.K. Nayanar Memorial Govt. College, Elerithattu. Nileshwar",,,,,,
Electronics & Radar Development Estt,,,,,,
ER & DCI Institute of Technology,,,,,,
"ESIC MEDICAL COLLEGE AND HOSPITAL, SEDAM ROAD GULBARGA",,,,,,
"ESIC MEDICAL COLLEGE  AND POST GRADUATE INSTITUTE OF MEDICAL SCINECES AND RESEARCH, Bangalore",,,,,,
"ESI Medical College & ESI-PGIMSR (Inst. Code - 495), Chennai",,,,,,
Fakir Mohan University,,,,,,
"FALAKATA COLLEGE, JALPAIGURI",,,,,,
Fazl Ali College,,,,,,
"Footwear Design and Development Institute, Noida",,,,,,
"Forest Research Institute, Dehradun",,,,,,
Furkating College P.O. Furkating- 785610,,,,,,
Gandhigram Rural University,,,,,,
"Gandhi Medical College, Secunderabad",,,,,,
"Gandhi Memorial College, Srinagar",,,,,,
Gangadhar Meher University,,,,,,
Gargi College,,,,,,
Gas Turbine Research Establishment,,,,,,
"Gati Shakti Vishwavidyalaya (formerly National Rail and Transportation Institute (NRTI)), Vadodara",,,,,,
Gauhati University,,,,,,
"Gautam Buddha University, Greater Noida",,,,,,
Gaya College of Engineering,,,,,,
G.B.M.College,,,,,,
G B Pant Government Engineering College,,,,,,
G.B. Pant University of Agriculture & Technology,,,,,,
"G.C.for Women, Rohtak.",,,,,,
Ghanakanta Baruah College,,,,,,
"Ghani Khan Choudhury Institute of Engineering and Technology, Kotwali",,,,,,
"Girraj Government College, Nizamabad (5005)",,,,,,
"G L M College, Banmankhi",,,,,,
Goa College of Architecture Altinho Panaji,,,,,,
Goa College of Engineering,,,,,,
Goa Medical  College Bambolim,,,,,,
Goa University,,,,,,
"Goa Vidyaprasarak Mandal's  Dr. Dada Vaidya College of Education, Ponda",,,,,,
Gokhale Institute of Politics and Economics,,,,,,
"Gondwana University, Gadchiroli",,,,,,
Goreswar College,,,,,,
Governement Engineering College Wayanad,,,,,,
"GOVERNMENT ARTS AND COMMERCE COLLEGE, KATHLAL",,,,,,
Government Arts and Science College for Women Malappuram,,,,,,
"Government Arts And Science College, Nadapuram",,,,,,
Government Arts College,,,,,,
"Government Arts College, Ariyalur",,,,,,
GOVERNMENT ARTS COLLEGE BHECHARAJI,,,,,,
"GOVERNMENT ARTS COLLEGE, BHESAN",,,,,,
"Government Arts College, Dediyapada",,,,,,
"Government Arts College, Karur - 639 005.",,,,,,
"Government Arts College, Ranavav",,,,,,
"Government Arts College, Thiruvananthapuram",,,,,,
"Government Arts & Commerce College, Kachhal",,,,,,
"Government Arts & Commerce College, Netrang",,,,,,
"Government Arts & Commerce College, Paddhari",,,,,,
"Government Arts & Commerce College, Songadh",,,,,,
"Government Arts & Science College, Meenchanda",,,,,,
"Government (Autonomous) College, Phulbani",,,,,,
"Government Autonomous  PG College,  Dhar",,,,,,
Government B. Ed. College,,,,,,
"Government B. Ed. College, Kachhal",,,,,,
"Government Bikram College of Commerce, Patiala",,,,,,
"Government Bilasa Girls PG College, Bilaspur",,,,,,
"Government Brennen College, Dharmadam, Thalassery",,,,,,
Government City College,,,,,,
"Government College, Assandh",,,,,,
"Government College Bahu, Jhajjar",,,,,,
"Government College, Barmer",,,,,,
"Government College, Bomdila",,,,,,
"Government College, Chittur",,,,,,
Government College for Women,,,,,,
"Government College for Women, Bawani Khera",,,,,,
"Government College for Women, Karnal",,,,,,
"Government College for Women, Ludhiana",,,,,,
"Government College for Women, Mahendragarh",,,,,,
"Government College for Women, Srikakulam",,,,,,
"Government College for Women, Thiruvananthapuram",,,,,,
"Government College, Gharaunda",,,,,,
"Government College, Haripurdhar",,,,,,
"GOVERNMENT COLLEGE, JAITAHARI",,,,,,
"Government College, Jind",,,,,,
"Government College, Jukhala",,,,,,
Government College Kasaragod,,,,,,
"GOVERNMENT COLLEGE, MAJHOLI",,,,,,
"Government College, Mananthavady",,,,,,
"Government College, Mohindergarh",,,,,,
"Government College Mohla, Rajnandgaon",,,,,,
"Government College, Nahan",,,,,,
Government College of Arts & Science,,,,,,
"Government College of Arts Science & Commerce, Quepem",,,,,,
Government College of Education Co Government Jr College of Education Panvel  Dist Raigad,,,,,,
Government College of Education for Women,,,,,,
"Government College of Education, Ujjain",,,,,,
Government College of Engineering,,,,,,
Government College of Engineering,,,,,,
Government College of Engineering,,,,,,
"Government College of Engineering, Amravati",,,,,,
"Government College of Engineering and Textile Technology, Serampur",,,,,,
"Government College of Engineering, Aurangabad",,,,,,
"Government College of Engineering, Jalgaon",,,,,,
"Government College of Engineering, Karad",,,,,,
"Government College of Engineering, Keonjhar",,,,,,
Government College of Engineering & Technology,,,,,,
GOVERNMENT COLLEGE OF ENGINEERING THANJAVUR,,,,,,
"Government College of Home Science ,Holenarasipura",,,,,,
"Government College of Pharmacy, Rohroo",,,,,,
"Government College of Teacher Education, Chhatarpur",,,,,,
"Government College of Teacher Education, Kozhikode",,,,,,
Government College of Technology Coimbatore,,,,,,
"Government College, Panchkula",,,,,,
"Government College Pandatrai, Kabirdham",,,,,,
"Government College, Pidawa",,,,,,
"Government College, Rampura",,,,,,
"Government College Rhenock, Rungdung",,,,,,
"Government College, Sawaimadhopur",,,,,,
"Government College, Taranagar",,,,,,
Government Commerce College,,,,,,
Government D B P G Girls College,,,,,,
"Government Degree College, Alamuru",,,,,,
"Government Degree College, Bhadrachalam",,,,,,
"Government Degree College, Bijbehara",,,,,,
"Government Degree College, Cherial",,,,,,
"Government Degree College, Dharpally, Nizamabad (5063)",,,,,,
"GOVERNMENT DEGREE COLLEGE DHMHAL, HANJI PORA",,,,,,
"Government Degree College, Doda",,,,,,
"Government Degree College, Dooru",,,,,,
"Government Degree College for Women, Begumpet",,,,,,
"Government Degree College for Women, Karimnagar",,,,,,
"Government Degree College for Women, Nalgonda",,,,,,
"Government Degree College for Women, Sopore, Kashmir",,,,,,
"Government Degree College for Women, Sri Kalahasthi Urban",,,,,,
Government Degree College Ghat,,,,,,
Government Degree College (Ibrahimpatnam),,,,,,
"Government Degree College, Kamalpur",,,,,,
"Government Degree College, Kathua",,,,,,
"Government Degree College, Khumlwng",,,,,,
Government Degree College (Kukatpally),,,,,,
"Government Degree College, Mahabubabad",,,,,,
"Government Degree College, Malkajgiri",,,,,,
"Government Degree College, Mandapeta",,,,,,
"Government Degree College, Mant Mathura",,,,,,
"Government Degree College, Marripalem",,,,,,
"GOVERNMENT DEGREE COLLEGE, METPALLY",,,,,,
"Government Degree College, Mulug",,,,,,
"Government Degree College, Nagari Rural",,,,,,
"Government Degree College, Narsampet  506 132",,,,,,
"Government Degree College, Paderu",,,,,,
"Government Degree College, Paloncha",,,,,,
"GOVERNMENT DEGREE COLLEGE, PAMPORE",,,,,,
"Government Degree College, Pokhri",,,,,,
"Government Degree College, Rajouri",,,,,,
"Government Degree College, Ramban",,,,,,
"Government Degree College, Rammannapet",,,,,,
"Government Degree College, Sanwer",,,,,,
"GOVERNMENT DEGREE COLLEGE, SURANKOT",,,,,,
"Government Degree College, Thorrur",,,,,,
Government Degree College Uppal,,,,,,
"Government Degree College, Utnoor",,,,,,
"Government Degree College, V-Madugula",,,,,,
"Government Degree College, Wardhannapet",,,,,,
"Government Degree College, Yerraguntla",,,,,,
"Government Dental College, Ahmedabad",,,,,,
"Government Dental College (RIMS), Kadapa",,,,,,
"GOVERNMENT DENTAL COLLEGE, THRISSUR",,,,,,
"GOVERNMENT DHARMAPURI MEDICAL COLLEGE (Inst. Code - 244), DHARMAPURI",,,,,,
Government Engineering College Barton Hill,,,,,,
"Government Engineering College, Bharatpur",,,,,,
"Government Engineering College, Bhavnagar",,,,,,
GOVERNMENT ENGINEERING COLLEGE BHOJPUR,,,,,,
"GOVERNMENT ENGINEERING COLLEGE, BHUJ 015",,,,,,
"Government Engineering College, Chandrapur",,,,,,
"Government Engineering College, Dahod",,,,,,
"Government Engineering College, Daman",,,,,,
"Government Engineering College, Dhrampura",,,,,,
GOVERNMENT ENGINEERING COLLEGE KHAGARIA,,,,,,
"Government Engineering College, Koni",,,,,,
"Government Engineering College, Kozhikode",,,,,,
"Government Engineering College, Kushalanagar",,,,,,
Government Engineering College Madhubani,,,,,,
"Government Engineering College, Modasa",,,,,,
"GOVERNMENT ENGINEERING COLLEGE, NILOKHERI",,,,,,
"Government Engineering College, Painavu",,,,,,
"Government Engineering College Palakkad, Sreekrishnapuram",,,,,,
"GOVERNMENT ENGINEERING COLLEGE, PALANPUR 061",,,,,,
"Government Engineering College, Raipur",,,,,,
"Government Engineering College, Rajkot",,,,,,
"GOVERNMENT ENGINEERING COLLEGE, SECTOR 28 GANDHINAGAR 013",,,,,,
Government Engineering College Thrissur,,,,,,
"GOVERNMENT ENGINEERING COLLEGE,VAISHALI",,,,,,
"GOVERNMENT ENGINEERING COLLEGE, VALSAD 019",,,,,,
"Government F G Degree College, Afzalpur",,,,,,
"Government First Grade College, Bagalkot",,,,,,
"Government First Grade College, Bagepalli-561 207, Chikkaballapur Dist.",,,,,,
"Government First Grade College, Banavara",,,,,,
"Government First Grade College, Bangalore",,,,,,
"Government First Grade College, Baramasagara.",,,,,,
"Government First Grade College, Behind BEO Office, Robertsonpet, 3rd Cross, KGF-563 122, Kolar Dist.",,,,,,
"GOVERNMENT FIRST GRADE COLLEGE, BIDI.,  KHANAPUR TQ.",,,,,,
"Government First Grade College, Bukkapattana",,,,,,
"Government First Grade College, Byndoor",,,,,,
"Government First Grade College, Chamarajanagar",,,,,,
GOVERNMENT FIRST GRADE COLLEGE FOR WOMEN,,,,,,
"Government First Grade College for Women, Belgaum",,,,,,
Government First grade college for women Byarapura T Narasipura,,,,,,
"Government  First Grade College for Women, Chamarajanagara",,,,,,
"Government First Grade College for Women, Hunsur",,,,,,
"Government First Grade College For Women, K.R Nagar",,,,,,
"Government First Grade College, Govt. Junior College Annex, Nelamangala-562 123, Bangalore Rural Dist.",,,,,,
"Government First Grade College, Govt. Middle School Annex, Near NES Office, Yelahanka, Bangalore -560 064.",,,,,,
"Government First Grade College, Gowribidanur, Chikkaballapur Dist.",,,,,,
"Government First Grade College, Gubbi",,,,,,
Government First Grade College Gundlupet,,,,,,
"Government First Grade College, Haleyangady",,,,,,
Government First Grade College  Hanur,,,,,,
"Government First Grade College,,Harapanahalli",,,,,,
"Government First Grade College, Harihara",,,,,,
"Government First Grade College, H.D.Kote",,,,,,
"Government First Grade College, Hebbur",,,,,,
"Government First Grade College, Hoskote",,,,,,
"Government First Grade College, Kampli",,,,,,
"Government First Grade College, Kaup",,,,,,
"Government First Grade College, Kengeri, Bangalore -60",,,,,,
"Government First Grade College , Kuderu",,,,,,
"Government First Grade College, Kunigal",,,,,,
"Government First Grade College, Lokapur",,,,,,
"Government First Grade College, Malur",,,,,,
"Government First Grade College, Mangalore",,,,,,
"Government First Grade College, Nesargi",,,,,,
"Government  First Grade College, Pandavapura",,,,,,
"Government First Grade College, Ramdurg",,,,,,
"Government First Grade College, Savalgi",,,,,,
"Government First Grade College, Soraba",,,,,,
"Government First Grade College, Tiluvalli",,,,,,
"GOVERNMENT FIRST GRADE COLLEGE, TUMKUR",,,,,,
"Government First Grade College, Vemagal-563 101, Kolar Dist.",,,,,,
"Government First Grade Degree College, Lingasugur",,,,,,
"Government First Grade Degree College, Raichur",,,,,,
GOVERNMENT GENERAL DEGREE COLLEGE,,,,,,
"GOVERNMENT GENERAL DEGREE COLLEGE (HINDI MEDIUM), BANARHAT",,,,,,
"Government General Degree College, Manbazar-II",,,,,,
Government (Girls) College,,,,,,
"Government Girls Polytechnic,Ahmedabad 614",,,,,,
"Government Homeopathic Medical College, Karaparamba",,,,,,
Government Hrangbana College,,,,,,
"Government I Grade College, Ankola",,,,,,
"Government I Grade College, Kumata",,,,,,
"Government Institute Of Electronics, East Marredpally",,,,,,
"Government Institute of Forensic Science, Nagpur",,,,,,
Government institute of Science,,,,,,
Government Institution of Education (PG) for Women,,,,,,
Government Lat C L S College,,,,,,
GOVERNMENT LAW COLLEGE,,,,,,
"Government Law College, Ajmer",,,,,,
"Government Law College, Churu",,,,,,
Government Mahakoshal Autonmous Arts. & Commerece College,,,,,,
"Government Maharani Laxmi Bai Nutan Girls College, Indore",,,,,,
"Government MCA College, Maninagar",,,,,,
Government Medical College,,,,,,
Government Medical College,,,,,,
"Government Medical College, Anantapur",,,,,,
Government medical college Baramati,,,,,,
"GOVERNMENT MEDICAL COLLEGE, CHANDRAPUR",,,,,,
Government Medical College Gondia,,,,,,
"Government Medical College, Nandurbar",,,,,,
GOVERNMENT MEDICAL COLLEGE OSMANABAD,,,,,,
"GOVERNMENT MEDICAL COLLEGE, THRISSUR",,,,,,
"Government M H College of Home Science & Science for Women, Jabalpur",,,,,,
"Government Model College, Kaziranga",,,,,,
Government Naveen College Gurur,,,,,,
"Government PG College, Barwani",,,,,,
"Government PG College, Berinag",,,,,,
Government Polytechnic Ahmedabad 617,,,,,,
"Government Polytechnic, Ambikapur",,,,,,
"Government Polytechnic,Bhuj 621",,,,,,
"GOVERNMENT POLYTECHNIC (CO-ED), RAIPUR",,,,,,
"Government Polytechnic,Dahod 630",,,,,,
"Government Polytechnic, Diu",,,,,,
"Government Polytechnic,Gandhinagar 623",,,,,,
Government Polytechnic Godhra 618,,,,,,
Government Polytechnic Halol,,,,,,
"Government Polytechnic, Jamnagar",,,,,,
"Government Polytechnic, Junagadh",,,,,,
"GOVERNMENT POLYTECHNIC, NAVSARI 975",,,,,,
"Government Polytechnic,Palanpur 626",,,,,,
"Government Polytechnic,Porbandar 627",,,,,,
Government Polytechnic Rajkot 620,,,,,,
"GOVERNMENT POLYTECHNIC, Rajpipla - 973",,,,,,
"GOVERNMENT POLYTECHNIC, REPALLE (Id: S-16055)",,,,,,
"Government Polytechnic,Vadnagar 628",,,,,,
"Government Polytechnic, Veerokhal",,,,,,
"Government Rajeev Lochan College, Razeem",,,,,,
"Government Ramanuj Pratap Sing Dev College, Baikunthpur",,,,,,
"Government Sanskrit College, Rambagh, Indore",,,,,,
"Government Science College, Gandhinagar",,,,,,
GOVERNMENT SCIENCE COLLEGE IDAR,,,,,,
"Government Science College, Maninagar",,,,,,
"Government Science College, Vankal, Mangrol, Surat",,,,,,
"Government Thirumagal Mill's College,Gudiyattam-632602",,,,,,
"Government T T B.Ed. College, Turki",,,,,,
"Government Women`s Polytechnic, Patna",,,,,,
Government Zirtiri Residential Science College,,,,,,
Govind Ballabh Pant Social Science Institute,,,,,,
"Govt. Arts & Commerce College  A.B.Road, Indore",,,,,,
"Govt. Autonmous Science College, Civil Linesr, Jabalpur",,,,,,
"Govt. Autonomous M.K.B. Arts & Commerce College for Women, Wright Town Jabalpur",,,,,,
"Govt. Benazeer College Golghar Chaoraha, Shahjahanabad, Bhopal",,,,,,
"Govt. Birla College, Bhawanimandi, Distt. Jhalawar",,,,,,
"Govt.College Amarpatan,Satna",,,,,,
"Govt. College, Bhim, Distt. Rajsamand",,,,,,
"Govt. College, Chamba",,,,,,
"Govt. College, Daulatpur Chowk, Distt Una",,,,,,
GOVT. COLLEGE FOR WOMEN PALI REWARI,,,,,,
"Govt. College, Karauli",,,,,,
"Govt. College, Kariavattom, Thiruvananthapuram",,,,,,
"Govt. College, Khategaon",,,,,,
Govt. College Kheri Gurjan,,,,,,
"Govt. College, Kota",,,,,,
"Govt. College, Kukshi Dist. Dhar",,,,,,
"Govt. College, Narnaul",,,,,,
"Govt. College, Nattakom, Kottayam-686013",,,,,,
"Govt. College, Neemuch",,,,,,
Govt.College of Arts Science & Commerce Khandola,,,,,,
"Govt College of Commerce & Business Administration, Sector-50",,,,,,
"Govt. College of Education, Sector-20",,,,,,
"Govt. College of  Engineering and Textile Technology, Berhampur 111",,,,,,
"Govt. College of Engineering, P.O. Parassinikadavu, Kannur",,,,,,
"Govt. College, Pachmarhi, Hoshangabad",,,,,,
"Govt. College Shahpur, Betul",,,,,,
"Govt.College,Sundargarh",,,,,,
"Govt. Degree College , Atmakur",,,,,,
"GOVT. DEGREE COLLEGE,AVANGADDA",,,,,,
Govt Degree College Batote,,,,,,
"Govt. Degree College, Bhua Bichhiya, Mandla",,,,,,
"Govt. Degree College Boys Baramullah, Kashmir",,,,,,
Govt Degree College Chadoora,,,,,,
"Govt. Degree College, Chebrolu",,,,,,
"Govt.Degree College, Cheepurupalli",,,,,,
Govt. Degree College Co- Edn Nagarkurnool,,,,,,
"Govt. Degree College for Women, Kathua",,,,,,
Govt. Degree College for Women (Siddipet),,,,,,
"Govt. Degree College Ganderbal, Kashmir",,,,,,
"GOVT. DEGREE COLLEGE, GODHAVARIKHANI",,,,,,
Govt. Degree College Kargil,,,,,,
"Govt. Degree       College,  Karvetinagaram Rural",,,,,,
"Govt Degree College, Kishtwar",,,,,,
"Govt. Degree College, Naidupeta",,,,,,
"Govt. Degree College, Pattikonda",,,,,,
"Govt. Degree College Sogam Kupwara, Kashmir",,,,,,
"Govt. Degree College, Thanamandi",,,,,,
"Govt. Degree College, Uri",,,,,,
"Govt. Dental College, Mumbai",,,,,,
"Govt. Digvijay College, Rajnandgaon",,,,,,
"Govt. Digvijay Snatkottar Swashashi Mahavidyalaya, Rajnandgaon",,,,,,
"Govt. Engineering College, MANDYA",,,,,,
"Govt. Engineering College, RAICHUR",,,,,,
"Govt. E. Raghavendra Rao Science P.G. (Auto) College, Bilaspur",,,,,,
"Govt.(Excellence) P.G.College, Tikamgarh",,,,,,
"Govt. First Grade College, Belthangady",,,,,,
GOVT FIRST GRADE COLLEGE  BIJAPUR ( 5012),,,,,,
"Govt. First Grade College, Channapatna",,,,,,
"Govt. First Grade College for Boys, Chintamani-563125",,,,,,
"Govt. First Grade College for Women (Sri. M.V Muncipal Evening College), Chikaballapur-562101",,,,,,
"Govt., First Grade College, Gadag",,,,,,
"Govt. First Grade College, Hospet.",,,,,,
"Govt.First Grade College, Hukkeri",,,,,,
"GOVT. FIRST GRADE COLLEGE,  HUNNUR",,,,,,
"Govt. First Grade College, Kadugudi, Bangalore -560 067.",,,,,,
"Govt First Grade College, K.K.Kopp",,,,,,
"Govt. First Grade College, Kokatanoor",,,,,,
"Govt. First Grade College, Koteshwara, Kundapura",,,,,,
"Govt First Grade College, Mudalagi",,,,,,
"Govt First Grade College, Siruguppa",,,,,,
Govt. First Grade Degree College for Women  Jamakhandi-582 110,,,,,,
"Govt First Grade Degree College, Kamalapur",,,,,,
Govt. Gandhi Memorial Science College,,,,,,
"Govt. Girls College, Dewas",,,,,,
"Govt. Holkar Science College  A.B. Road, Indore",,,,,,
"Govt. Home Science College, Hoshangabad",,,,,,
"Govt. I Grade College Shiggaon, Dist- Haveri.",,,,,,
Govt. J. Thankima College,,,,,,
"Govt. Lahidi College, Chirmiri",,,,,,
"Govt. Law College, Dewas",,,,,,
"Govt. Mahavidyalaya, Khairagarh",,,,,,
"Govt. Mahila Engineering College,Ajmer",,,,,,
Govt. Medical College Aurangabad,,,,,,
"Govt Medical College & Hospital, Sector-32",,,,,,
"Govt. P.G. College,  Khargone",,,,,,
"Govt. P.G. College, Sehore",,,,,,
"Govt. P.G. College, Seoni",,,,,,
"Govt. P.G Degree College, Uttarkashi",,,,,,
"Govt. Pharmacy College, Govt. Pol. Area. Gadgenagar, Amravati",,,,,,
Govt. Polytechnic Channasandra,,,,,,
GOVT POLYTECHNIC COLLEGE SENDHWA,,,,,,
"Govt.Polytechnic, Durg",,,,,,
"Govt.Polytechnic, Khairagarh",,,,,,
"Govt Post Graduate College for Girls,Sector-42",,,,,,
"Govt. Sanskrit College, Purana Bazaar, Sundernagar, Distt Mandi",,,,,,
Govt. Shaheed Venkatrao College Bijapur,,,,,,
"Govt. Shahid Veer Naraya Singh College, Bhilaigarh",,,,,,
"Govt. S.S. Agrawal College, Sihora, Jabalpur",,,,,,
Govt.Swami Atmanand College Narayanpur,,,,,,
"Govt. Swami Vivekanand College, Raisen",,,,,,
"Govt. Tilak College, Katni",,,,,,
"Govt. Victoria College, Palakkad",,,,,,
Govt.Women's College,,,,,,
Govt Womens First Grade College Jewargi Colony Kalaburagi,,,,,,
"Govt womens polytechnic college,sehore",,,,,,
"Grant Medical College, Seth J.J. Compound Byculla, Mumbai",,,,,,
Gujarat Arts & Science College,,,,,,
Gujarat Biotechnology University,,,,,,
Gujarat Commerce College,,,,,,
"Gujarat Institute of Development Research (GIDR), Ahmadabad",,,,,,
Gujarat National Law University,,,,,,
"Gujarat Technological University, Ahmedabad",,,,,,
Gujarat University,,,,,,
Gujarat Vidyapith,,,,,,
"GULBARGA INSTITUTE OF MEDICAL SCIENCES, GULBARGA",,,,,,
Gulbarga University,,,,,,
"Guru Angad Dev Veterinary & Animal Sciences University, Ludhiana",,,,,,
Guru Ghasidas University,,,,,,
Guru Gobind Singh Indraprastha University,,,,,,
"Guru Gobind Singh Medical College, Sadiq Road, Faridkot",,,,,,
"Gurugram University, Gurugram",,,,,,
Guru Jambheshwar University of Science & Technology,,,,,,
Gurukula Kangri vishwavidyalaya,,,,,,
"Gurukul Government Ayurvedic Degree College Gurukul Kangri, Haridwar",,,,,,
Guru Nanak Dev University,,,,,,
G V S M Government Degree College,,,,,,
Habraghat Mahavidyalaya,,,,,,
Hans Raj College,,,,,,
"Harcourt Butler Technical University, Kanpur, Kanpur",,,,,,
"Harish chandra Research Institute (HRI), Allahabad",,,,,,
Hassan Institute of Medical Sciences,,,,,,
Hatichong College,,,,,,
Hemchandracharya North Gujarat University,,,,,,
Hemwati Nandan Bahuguna Garhwal University,,,,,,
H. & H.B. KOTAK  INSTITUTE OF SCIENCE RAJKOT,,,,,,
"H.H. The Rajah's College, Pudukkottai - 622 001.",,,,,,
Hidayatullah National Law University,,,,,,
High Energy Materials Research Laboratory,,,,,,
Hijli College,,,,,,
"Himachal Pradesh National Law University, Shimla",,,,,,
Himachal Pradesh University,,,,,,
Hindu College,,,,,,
"Homi Bhabha National Institute, Mumbai",,,,,,
"H P B Girls College, Golaghat",,,,,,
"HPPC Government First Grade College, Challakere.",,,,,,
Human Space Flight Centre,,,,,,
Hyderabad (SIND) National Collegiate University,,,,,,
"ICMR - Bhopal Memorial Hospital & Research Center, Bhopal",,,,,,
"ICMR - National Animal Resource Facility for Biomedical Research, Hyderabad",,,,,,
"ICMR - National Centre for Disease Informatics and Research, Bengaluru",,,,,,
"ICMR - National Institute for Implementation Research on Non-Communicable Diseases, Jodhpur",,,,,,
ICMR - National Institute for Research in Reproductive and Child Health,,,,,,
"ICMR - National Institute for Research in Tuberculosis, Chennai",,,,,,
"ICMR - National Institute of Epidemiology, Chennai",,,,,,
"ICMR - National Institute of Immunohaematology, Mumbai",,,,,,
ICMR - National Institute of Malaria Research,,,,,,
ICMR - National Institute of Occupational Health,,,,,,
"ICMR - National Institute of Pathology, New Delhi",,,,,,
"ICMR - National Institute of Traditional Medicine, Belagavi",,,,,,
ICMR-National Institute of Translational Virology and AIDS Research (formerly ICMR-National AIDS Research Institute),,,,,,
ICMR - National Institute of Virology,,,,,,
"ICMR - National JALMA Institute for Leprosy & Other Mycobacterial Diseases, Agra",,,,,,
ICMR - Regional Medical Research Centre,,,,,,
"ICMR - Regional Medical Research Centre, Dibrugarh",,,,,,
"ICMR - Regional Medical Research Centre, Gorakhpur",,,,,,
ICMR - Vector Control Research Centre,,,,,,
"ICSSR Headquarters and National Social Science Documentation center (NASSDOC), New Delhi",,,,,,
"ICSSR-North-Western Regional Centre, Chandigarh",,,,,,
"I K Gujral Punjab Technical University, Jalandhar",,,,,,
India Foundation,,,,,,
Indian Agricultural Statistics Research Institute,,,,,,
"Indian Association for the Cultivation of Science, Kolkata",,,,,,
Indian Council of Medical Research (ICMR),,,,,,
Indian Institute of Advanced Studies,,,,,,
"Indian Institute of Carpet Technology, Bhadohi",,,,,,
Indian Institute of Chemical Biology,,,,,,
Indian Institute of Chemical Technology,,,,,,
"Indian Institute of Engineering Science & Technology, Shibpur (formerly Bengal Engineering & Science University)",,,,,,
"Indian Institute of Foreign Trade, Delhi",,,,,,
"Indian Institute of Forest Management, Bhopal",,,,,,
"Indian Institute of Information Technology, Allahabad",,,,,,
"Indian Institute of Information Technology, Bhagalpur",,,,,,
"Indian Institute of Information Technology, Bhopal",,,,,,
"Indian Institute of Information Technology, Chittoor",,,,,,
"Indian Institute of Information Technology Design and Manufacturing, Kancheepuram",,,,,,
"Indian Institute of Information Technology Design And Manufacturing, Kurnool",,,,,,
"Indian Institute of Information Technology, Dharwad",,,,,,
"Indian Institute of Information Technology, Guwahati",,,,,,
"Indian Institute of Information Technology, Kalyani",,,,,,
"Indian Institute of Information Technology, Kota",,,,,,
"Indian Institute of Information Technology, Kottayam",,,,,,
"Indian Institute of Information Technology, Lucknow",,,,,,
"Indian Institute of Information Technology, Nagpur",,,,,,
"Indian Institute of Information Technology, Pune",,,,,,
"Indian Institute of Information Technology, Raichur",,,,,,
"Indian Institute of Information Technology, Ranchi",,,,,,
"Indian Institute of Information Technology, Senapati",,,,,,
"Indian Institute of Information Technology, Sonipat",,,,,,
"Indian Institute of Information Technology, Srirangam",,,,,,
"Indian Institute of Information Technology, Surat",,,,,,
"Indian Institute of Information Technology, Una",,,,,,
"Indian Institute of Information Technology, Vadodara",,,,,,
Indian Institute of Integrative Medicine,,,,,,
Indian Institute of Management Ahmedabad,,,,,,
"Indian Institute of Management, Amritsar",,,,,,
Indian Institute of Management Bangalore,,,,,,
"Indian Institute of Management, Bodhgaya",,,,,,
Indian Institute of Management Calcutta,,,,,,
Indian Institute of Management Indore,,,,,,
Indian Institute of Management Jammu,,,,,,
Indian Institute of Management Kashipur,,,,,,
Indian Institute of Management Kozhikode,,,,,,
Indian Institute of Management Lucknow,,,,,,
Indian Institute of Management Mumbai,,,,,,
"Indian Institute of Management, Nagpur",,,,,,
Indian Institute of Management Raipur,,,,,,
Indian Institute of Management Ranchi,,,,,,
Indian Institute of Management Rohtak,,,,,,
"Indian Institute of Management, Sambalpur",,,,,,
"Indian Institute of Management, Shillong",,,,,,
"Indian Institute of Management, Sirmaur",,,,,,
Indian Institute of Management Tiruchirapalli,,,,,,
Indian Institute of Management Udaipur,,,,,,
"Indian Institute of Management, Visakhapatnam",,,,,,
"Indian Institute of Mass Communication, New Delhi",,,,,,
Indian Institute of Petroleum & Energy,,,,,,
Indian Institute of Remote Sensing,,,,,,
Indian Institute of Science Bangalore,,,,,,
"Indian Institute of Science Education and Research(IISER), Berhampur",,,,,,
"Indian Institute of Science Education and Research(IISER), Bhopal",,,,,,
"Indian Institute of Science Education and Research(IISER), Kolkata",,,,,,
"Indian Institute of Science Education and Research(IISER), Mohali",,,,,,
"Indian Institute of Science Education and Research(IISER), Pune",,,,,,
"Indian Institute of Science Education and Research(IISER), Thiruvanthpuram",,,,,,
"Indian Institute of Science Education and Research(IISER), Tirupati",,,,,,
Indian Institute of Social Weflfare & Business Management,,,,,,
"Indian Institute of Space Science and Technology, Thiruvananthapuram",,,,,,
"Indian Institute of Teacher Education, Gandhinagar",,,,,,
"Indian Institute of Technology, Bhilai",,,,,,
Indian Institute of Technology Bhubaneswar,,,,,,
"Indian Institute of Technology (BHU), Varanasi",,,,,,
Indian Institute of Technology Bombay,,,,,,
Indian Institute of Technology Delhi,,,,,,
Indian Institute of Technology Dharwad,,,,,,
Indian Institute of Technology Gandhinagar,,,,,,
Indian Institute of Technology Goa,,,,,,
Indian Institute of Technology Guwahati,,,,,,
Indian Institute of Technology Hyderabad,,,,,,
"Indian Institute of Technology (Indian School of Mines), Dhanbad",,,,,,
Indian Institute of Technology Indore,,,,,,
Indian Institute of Technology Jammu,,,,,,
Indian Institute of Technology Jodhpur,,,,,,
Indian Institute of Technology Kanpur,,,,,,
Indian Institute of Technology Kharagpur,,,,,,
Indian Institute of Technology Madras,,,,,,
Indian Institute of Technology Mandi,,,,,,
"Indian Institute of Technology, Palakkad",,,,,,
Indian Institute of Technology Patna,,,,,,
Indian Institute of Technology Roorkee,,,,,,
Indian Institute of Technology Ropar,,,,,,
Indian Institute of Toxicology Research,,,,,,
Indian Institute of Tropical Meteorology,,,,,,
"Indian Law Institute, New Delhi",,,,,,
"Indian Law Societys I.L.S. Law College, Pune  411 004",,,,,,
Indian Maritime University,,,,,,
"Indian National Centre for Ocean Information Services, Ocean Valley, P.B. No.21, IDA Jeedimelta P.O., Hyderabad-500055",,,,,,
Indian Rubber Manufacturers Research Association (IRMRA),,,,,,
"Indian Statistical Institute, Kolkata",,,,,,
"Indian Veterinary Research Institute, Izatnagar",,,,,,
"Indira Gandhi Centre for Atomic Research (IGCAR), Kalpakkam",,,,,,
Indira Gandhi College of Arts   and Science,,,,,,
"Indira Gandhi Delhi Technical University For Women, New Delhi",,,,,,
"Indira Gandhi Institute of Development Research, Mumbai",,,,,,
"Indira Gandhi Institute of Medical Sciences, Patna",,,,,,
"Indira Gandhi Institute of Technology (IGIT), Sarang",,,,,,
"Indira Gandhi Krishi Vishwavidyalaya, Raipur",,,,,,
"Indira Gandhi Medical College, Shimla",,,,,,
Indira Gandhi National Open University,,,,,,
"Indira Gandhi National Tribal University, Amarkantak",,,,,,
"Indira Gandhi University, Meerpur",,,,,,
Indira Kala Sangeet Vishwavidyalaya,,,,,,
Indira Priyadarshini Govt. Degree College for Women,,,,,,
Indraprastha Institute of Information Technology Delhi (IIIT Delhi),,,,,,
INFLIBNET Centre,,,,,,
INFLIBNET Centre - Test Institute,,,,,,
"Innovation Protection Unit,",,,,,,
"Institute for Excellence in Higher Education(IEHE),Bhopal(Autonomous) Kaliya sot bandh Kolar Road, Bhopal",,,,,,
Institute for Human Development,,,,,,
"Institute for Plasma Research (IPR), Gandhinagar",,,,,,
"Institute for Studies in Industrial Development (ISID), New Delhi",,,,,,
"Institute for Studies in Industrial Development (ISID), New Delhi",,,,,,
Institute for Systems Studies & Analyses,,,,,,
Institute of Advanced Study in Education,,,,,,
Institute of Chemical Technology,,,,,,
"Institute of Development Studies (IDSJ), Jaipur",,,,,,
Institute of Development Studies Kolkata,,,,,,
"Institute of Engineering and Technology, Lucknow",,,,,,
"Institute of Engineering and Technology, Pune",,,,,,
Institute of Himalayan bioresources technology,,,,,,
"Institute of Infrastructure Technology Research and Management (IITRAM), Ahmadabad",,,,,,
"Institute of Liver and Bilary Sciences, New Delhi",,,,,,
"Institute of Management and Technology, Punnapra",,,,,,
Institute of Mental Health and Neurosciences (IMHANS),,,,,,
Institute of Microbial Technology,,,,,,
Institute of Minerals and Materials Technology,,,,,,
Institute of Nuclear Medicine and Allied Sciences,,,,,,
"Institute of Physics (IOP),Bhubaneswar",,,,,,
Institute of Psychiatry & Human Behaviour Bambolim,,,,,,
Institute of Public Enterprises,,,,,,
"Institute of Social and Economic Change, Nagarabhavi, Bangalore",,,,,,
Institute of Teaching and Research in Ayurveda (ITRA),,,,,,
"Institute of Technology, Gopeshwar",,,,,,
Institute of Technology Management,,,,,,
Instruments Research & Development Establishment,,,,,,
International Advanced Research Centre for Powder Metallurgy and  New Materials,,,,,,
"International Institute for Population Sciences, Mumbai",,,,,,
"International Institute Of Information Technology, Bhubaneshwar",,,,,,
Inter University Accelerator Centre,,,,,,
"Inter University Center for Teacher Education (IUCTE), BHU",,,,,,
"Inter-University Centre for Astronomy and Astrophysics, Pune",,,,,,
"Islamia College of Science & Commerce, Srinagar",,,,,,
Islamic University of Science and Technology,,,,,,
ISRO Headquarters,,,,,,
ISRO Propulsion Complex,,,,,,
ISRO Telemetry Tracking and Command Network,,,,,,
Jadavpur University,,,,,,
"Jagadguru Ramanandacharya Rajasthan Sanskrit University, Jaipur",,,,,,
Jagat Guru Nanak Dev Punjab State Open University,,,,,,
Jai Narain Vyas University,,,,,,
"Jai Prakash Mahila College, Chapra",,,,,,
"Jai Prakash Vishwavidyalaya, Chapra",,,,,,
"Jalagam Vengal Rao (JVR) Government Degree College, Sathupally",,,,,,
Jamia Millia Islamia,,,,,,
Jammu University,,,,,,
Jangipur Government Polytechnic,,,,,,
Janki Devi Memorial College,,,,,,
"Jawaharlal Institute of Post Graduate Medical Education & Research, Puducherry",,,,,,
"Jawaharlal Nehru Centre for Advanced Scientific Research, Banaglore",,,,,,
"Jawaharlal Nehru Government Engineering College, Mandi",,,,,,
"Jawaharlal Nehru Krishi Vishwavidyalaya, Jabalpur",,,,,,
Jawaharlal Nehru Technological University,,,,,,
"Jawaharlal Nehru Technological University, Anantapur",,,,,,
"Jawaharlal Nehru Technological University, Kakinada",,,,,,
Jawaharlal Nehru University,,,,,,
Jayadeva Inst. of Cardiology,,,,,,
J.C. Bose University of Science and Technology,,,,,,
J.D.S.G.College P.O. Bokakhat-785612,,,,,,
J.D. Women's College,,,,,,
"Jhalawar Medical College and Hospital, Jhalawar",,,,,,
Jharkhand Raksha Shakti University,,,,,,
Jiwaji University Gwalior,,,,,,
"J.K.B.K.College, OMP Square, Cuttack",,,,,,
"J L N College, Chakradharpur",,,,,,
"J L N Medical College and Hospital, Ajmer",,,,,,
"J M B.Ed College, Buhana",,,,,,
J.N. College,,,,,,
Kabi Nazrul College,,,,,,
"Kakatiya Government College, Hanamkonda",,,,,,
Kakatiya University,,,,,,
"Kalpatharu Science First Grade College, Tiptur",,,,,,
Kalyani Government Engineering College,,,,,,
Kalyani University,,,,,,
Kameshwara Singh Darbhanga Sanskrit University,,,,,,
"Kamla Nehru Institute of Technology, Sultanpur",,,,,,
Kanchi Mamunivar Centre for Post Graduate  Studies,,,,,,
Kannada University,,,,,,
Kannur University,,,,,,
Karimpur Pannadevi College,,,,,,
"Karnataka Janapada Vishwavidyalaya, Gotagodi",,,,,,
Karnataka Sanskrit University,,,,,,
Karnataka State Akkamahadevi Women's University,,,,,,
Karnataka State Law University,,,,,,
"Karnataka State Open University, Mysore",,,,,,
Karnatak University,,,,,,
Kasthurba College for Women,,,,,,
"Kavayitri Bahinabai Chaudhari North Maharashtra University, Jalgaon",,,,,,
Kavikulguru Kalidas Sanskrit Univerity,,,,,,
"Kazi Nazrul University, Asansol",,,,,,
K.C. Das Commerce College,,,,,,
"Kerala Agricultural University, Thrissur",,,,,,
Kerala University of Digital Sciences Innovation and Technology,,,,,,
"Kerala University of Fisheries & Ocean Studies, Kochi",,,,,,
Kerala University of Health Sciences,,,,,,
"Kerala Veterinary & Animal Science University, Wayanad",,,,,,
Khalisani Mahavidyalaya,,,,,,
Kharupetia College,,,,,,
Khoirabari College,,,,,,
King George Medical University,,,,,,
"KKTM Government College, Pullut",,,,,,
"Km Mayawati Government Mahila Degree College, Badalpur",,,,,,
Kodagu Institute of Medical Sciences,,,,,,
Kokrajhar Govt. College,,,,,,
"Kolhan University,  West Singhbhum",,,,,,
Koppal Institute of Medical Sciences Koppal,,,,,,
Krishnagar Government College,,,,,,
"Krishna Kanta Handiqui State Open University, Guwahati",,,,,,
"Krishna University, Machhlipattanam",,,,,,
K R K Govt. Degree College,,,,,,
Kumar Bhaskar Varma Sanskrit and Ancient Studies University,,,,,,
Kumaun University,,,,,,
Kumbi College,,,,,,
"Kurnool Medical College, Kurnool",,,,,,
Kurukshetra University,,,,,,
"Kushabhau Thakre Patrakarita Avam Jansanchar Vishwavidyalaya, Raipur",,,,,,
Kuvempu University,,,,,,
KVR Government Degree College for Women,,,,,,
Laboratory For Electro-Optics Systems,,,,,,
Lady Brabourne College,,,,,,
Lady Hardinge Medical College,,,,,,
"Lakhdhirji Enggniering college,Morbi. 031",,,,,,
"Lakhimpur Girls College, Lakhimpur",,,,,,
Lala Rural College,,,,,,
Lalit Narayan Mithila University,,,,,,
"Late. Laxmibai Deshmukh Mahila Arts,Science & Commerce College, Parli-Vaijnath.",,,,,,
LBS Institute of Technology for Women,,,,,,
"L.D. College of Engineering, Ahmedabad",,,,,,
Liquid Propulsion Systems Centre (Bangalore),,,,,,
Liquid Propulsion Systems Centre (Valiamala),,,,,,
L.O.K.D. College,,,,,,
Lok Nayak Jai Prakash Institute of Technology,,,,,,
Madan Mohan Malaviya University of Technology,,,,,,
"Madhav Science College,Kothi Road,Ujjain",,,,,,
Madhya Kamrup College,,,,,,
"Madras Institute of Development Studies ( MIDS), Chennai",,,,,,
Madurai Kamraj University,,,,,,
"MADURAI MEDICAL COLLEGE, COLLEGE OF PHARMACY (Inst. Code - 185),  MADURAI",,,,,,
Magadh University,,,,,,
"Mahamaya Rajkiya Mahavidyalaya, Dhanupur, Handia",,,,,,
Maharaja Chhatrasal Bundelkhand University,,,,,,
Maharaja Ganga Singh University,,,,,,
Maharaja Government Sanskrit PG college Jaipur,,,,,,
Maharaja Krishnakumarsinhji Bhavnagar University,,,,,,
Maharaja Ranjit Singh State Technical University,,,,,,
"Maharaja's College, Ernakulam- 682 011",,,,,,
Maharaja Surajmal Brij University,,,,,,
"Maharana Pratap University of Agriculture & Technology, Udaipur",,,,,,
"Maharanis Commerce and Management College for Women, Mysore",,,,,,
"Maharashtra Animal & Fishery Sciences University, Nagpur",,,,,,
"Maharashtra Education Society's Garware College of Commerce, Karve Road, Pune-411004.",,,,,,
"Maharashtra National Law University,Nagpur",,,,,,
Maharashtra State Skills University,,,,,,
"Maharashtra University of Health Sciences, Nashik",,,,,,
Maharshi Dayanand Saraswati University,,,,,,
Maharshi Dayanand University Rohtak,,,,,,
Mahatma Gandhi Antarrashtriya Hindi Vishwavidyalaya,,,,,,
"Mahatma Gandhi Central University, Motihari",,,,,,
Mahatma Gandhi Chitrakoot Gramoday Vishwavidalaya,,,,,,
Mahatma Gandhi Government College,,,,,,
Mahatma Gandhi Govt. Arts College Chalakkara Post,,,,,,
"Mahatma Gandhi Institute of Medical Sciences, Sevagram, Wardha",,,,,,
Mahatma Gandhi Kashi Vidyapeeth,,,,,,
Mahatma Gandhi PG Institute of Dental Sciences,,,,,,
Mahatma Gandhi University,,,,,,
"Mahatma Gandhi University, Nalgonda",,,,,,
Maitreyi College,,,,,,
Majuli University of Culture,,,,,,
"Makhanlal Chaturvedi National University of Journalism and Communication, Bhopal",,,,,,
Malabar Cancer Centre College Thalassery,,,,,,
Malaviya National Institute of Technology,,,,,,
Mangaldai College,,,,,,
Mangalore University,,,,,,
Manipur Institute of Technology,,,,,,
Manipur Technical University,,,,,,
Manipur University,,,,,,
"Manjunatha Pai Memorial Govt. First Grade College of Professional & Business Management, Karkala",,,,,,
Mankachar College,,,,,,
"Manniya Kashiram Government Mahavidyalaya, Loni Siqqiknagar (Ghaziabad)",,,,,,
Manonmaniam Sundaranar University,,,,,,
"Manyawar Kansi Ram Engineering College Of Information Technology, Ambedkar Nagar",,,,,,
"Manyawar Kansi Ram Engineering College of Information Technology, Azamgarh",,,,,,
Marwari College,,,,,,
"Marwari College, Bhagalpur",,,,,,
"Master Control Facility, Dept. of Space (ISRO), P.B. No.66, Hassan-573201",,,,,,
"Maulana Abul Kalam Azad University of Technology, West Bengal (formerly West Bengal University of Technology)",,,,,,
Maulana  Azad Institute of Dental Sciences,,,,,,
Maulana Azad Medical College,,,,,,
Maulana Azad National Institute of Technology,,,,,,
Maulana Azad National Urdu University,,,,,,
"Maulana Mazharul Haque Arabic & Persian University, Patna",,,,,,
Mayang Anchalik College,,,,,,
M.B. College,,,,,,
"M B Govt. P.G. College, Haldwani",,,,,,
M.C.Das College,,,,,,
"Mewat Engineering College, Mewat",,,,,,
Michael Madhusudan Memorial College,,,,,,
Microwave Tube Research & Development Centre,,,,,,
"Military College of Telecommunication Engineering (MCTE), Mhow",,,,,,
Ministry of Earth Sciences,,,,,,
Miranda House,,,,,,
Mizoram University,,,,,,
"M.J.K. College, Bettiah",,,,,,
MJP Rohilkhand University,,,,,,
M. L.S. College,,,,,,
"M.L.V. Textile & Engineering College, Bhilwara",,,,,,
"Model College, IHRD, Meenangadi",,,,,,
"Model Government Degree College, Chrari Sharief",,,,,,
Mohanlal Sukhadia University,,,,,,
Moirang College,,,,,,
Moran Mahila Mahavidhiyalaya. Moran,,,,,,
Moridhol College P.O. Moridhol-787057,,,,,,
Mother Teresa Womens University,,,,,,
Mother Theresa Post Graduate and Research Institute of Health Sciences,,,,,,
Motihari College of Engineering,,,,,,
Moti Lal Nehru Medical College,,,,,,
Motilal Nehru National Institute of Technology,,,,,,
Mount Tiyi College,,,,,,
"M P Bhoj (Open) University, Bhopal",,,,,,
"M.P.SHAH ARTS & SCIENCE COLLEGE, SURENDRANAGAR",,,,,,
"M.P. SHAH MEDICAL COLLEGE, JAMNAGAR",,,,,,
"M R Government Arts College, Mannargudi",,,,,,
Munger University,,,,,,
"MUNSHI PREMCHAND MAHAVIDYALAYA, DARJILING",,,,,,
Murshidabad University,,,,,,
"Muthurangam Govt.Arts College (autonomous),Vellore-632002",,,,,,
Muzaffarpur Institute of Technology,,,,,,
"M.V.M.Govt.,Arts College for Women, Dindigul",,,,,,
"M V S Government Degree & P.G College, Mahabubnagar",,,,,,
Nagaland University,,,,,,
"Nagarjuna Government College, Nalgonda",,,,,,
"Naharkatiya College, Naharkatiya",,,,,,
"Nair Hospital Dental College, Mumbai",,,,,,
Nalanda College of Engineering,,,,,,
Nalanda University,,,,,,
"Nalini Devi Women's College of Teachers' Education, Bhubaneswar",,,,,,
NALSAR University of Law,,,,,,
"Nand Lal Singh College, Daudpur",,,,,,
Narayan College Goreya Kothi,,,,,,
"National Aerospace Laboratories, Bangalore",,,,,,
National Assessment and Accreditation Council (NAAC),,,,,,
National Atmospheric Research Laboratory,,,,,,
National Botanical Research Institute,,,,,,
"National Brain Research Centre, Gurgaon",,,,,,
National Centre for Cell Science,,,,,,
National Centre for Coastal Research,,,,,,
National Centre for Earth Science Studies,,,,,,
"National Centre for Polar and Ocean Research, Goa",,,,,,
National Chemical Laboratory,,,,,,
National Environmental Engineering Research Institute,,,,,,
"National Fire Service College, Civil Lines",,,,,,
"National Forensic Sciences University, Gandhinagar",,,,,,
National Geophysical Research Institute,,,,,,
National Institute for Interdisciplinary Science & Technology,,,,,,
National Institute for the Mentally Handicapped,,,,,,
National Institute of Advanced Manufacturing Technology (NIAMT) (formerly National Institute of Foundry & Forge Technology),,,,,,
"National Institute of Agricultural Extension Management, Hyderabad",,,,,,
"National Institute of Ayurveda, Jaipur",,,,,,
"National Institute of Design (NID), Ahmedabad",,,,,,
"National Institute of Design (NID), Andhra Pradesh",,,,,,
"National Institute of Design (NID), Haryana",,,,,,
"National Institute of Design (NID), Jorhat",,,,,,
"National Institute of Design (NID), Madhya Pradesh",,,,,,
National Institute of Educational Planning and Administration (Deemed to be University),,,,,,
National Institute of Electronics and Information Technology (NIELIT),,,,,,
"National Institute of Fashion Technology, Hauz Khas",,,,,,
"National Institute of Fashion Technology (NIFT), Gandhinagar",,,,,,
National Institute of Fashion Technology Panchkula,,,,,,
National Institute of Food Technology Entrepreneurship and Management,,,,,,
"National Institute of Food Technology, Entrepreneurship and Management, Thanjavur (formerly Indian Institute of Food Processing Technology-IIFPT)",,,,,,
National Institute of Homoeopathy,,,,,,
National Institute of Immunology,,,,,,
"National Institute of Mental Health & Neuro Sciences, Bangalore",,,,,,
National Institute of Oceanography,,,,,,
"National Institute of Pharmaceutical Education and Research (NIPER), Ahmedabad",,,,,,
"National Institute of Pharmaceutical Education and Research (NIPER), Guwahati",,,,,,
"National Institute of Pharmaceutical Education and Research (NIPER), Hajipur",,,,,,
"National Institute of Pharmaceutical Education and Research (NIPER), Kolkata",,,,,,
"National Institute of Pharmaceutical Education and Research (NIPER), Mohali",,,,,,
"National Institute of Pharmaceutical Education and Research (NIPER), Raebareli",,,,,,
National Institute of Plants Genome Research,,,,,,
National Institute of Science Education and Research,,,,,,
"National Institute of Speech and Hearing, Karimanal, Akkulam",,,,,,
"National Institute of Technical Teachers Training & Research, Bhopal",,,,,,
"National Institute of Technical Teachers Training & Research, Chandigarh",,,,,,
"National Institute of Technical Teachers Training & Research, Chennai",,,,,,
"National Institute of Technical Teachers Training & Research, Kolkata",,,,,,
National Institute of Technology Agartala,,,,,,
National Institute of Technology Andhra Pradesh,,,,,,
"National Institute of Technology, Arunachal Pradesh",,,,,,
National Institute of Technology Calicut,,,,,,
"National Institute of Technology, Delhi",,,,,,
National Institute of Technology Durgapur,,,,,,
"National Institute of Technology, Goa",,,,,,
National Institute of Technology Hamirpur,,,,,,
National Institute of Technology Jamshedpur,,,,,,
National Institute of Technology Karnataka,,,,,,
National Institute of Technology Kurukshetra,,,,,,
"National Institute of Technology, Manipur",,,,,,
"National Institute of Technology, Meghalaya",,,,,,
National Institute of Technology Mizoram,,,,,,
National Institute of Technology Nagaland,,,,,,
National Institute of Technology Patna,,,,,,
"National Institute of Technology, Puducherry",,,,,,
National Institute of Technology Raipur,,,,,,
National Institute of Technology Rourkela,,,,,,
"National Institute of Technology, Sikkim",,,,,,
National Institute of Technology Silchar,,,,,,
National Institute of Technology Srinagar,,,,,,
National Institute of Technology Tiruchirappalli,,,,,,
"National Institute of Technology, Uttarakhand",,,,,,
National Institute of Technology Warangal,,,,,,
"National Law Institute University, Bhopal",,,,,,
National Law School of India University,,,,,,
"National Law University and Judicial Academy, Guwahati",,,,,,
"National Law University, Cuttack",,,,,,
"National Law University, Jodhpur",,,,,,
"National Law University, New Delhi",,,,,,
National Museum Institute of Hisotry of Art Conservation and Musicology,,,,,,
National Physical Laboratory,,,,,,
National Remote Sensing Centre,,,,,,
National Sanskrit University (formerly Rashtriya Sanskrit Vidyapeeth),,,,,,
National University of Advanced Legal Studies,,,,,,
"National University of Study & Research in Law, Ranchi",,,,,,
Naval Materials Research Laboratory,,,,,,
Naval Science & Technological Laboratory,,,,,,
Navsari Agricultural University,,,,,,
"Nazira College, Nazira",,,,,,
Nehru Memorial Govt. Degree College,,,,,,
"Netaji Subhash Chandra Bose Medical College, Jabalpur",,,,,,
Netaji Subhas University of Technology,,,,,,
"Niranjan Government Women's College, Aska",,,,,,
"Nizam College, Basheerbagh",,,,,,
"Nizam Institute of Medical Sciences,  Hyderabad",,,,,,
"N. M. S. M. College, Puzhamuttil, Kalpetta",,,,,,
N.N.Saikia College P.O. Titabor,,,,,,
Nonoi College,,,,,,
"North Bank College, PO Ghilamora",,,,,,
North Bengal Dental College,,,,,,
North Bengal Medical College,,,,,,
North Eastern Hill University,,,,,,
"North Eastern Institute of Ayurveda & Folk Medicine Research (NEIAFMR), Pasighar",,,,,,
North Eastern Regional Institute of science and technology (NERIST),,,,,,
North Eastern Space Applications Centre,,,,,,
"North East Institute of Science & Technology, Jorhat",,,,,,
"North Orissa University, Baripada",,,,,,
"North Tripura District Polytechnic, Dharmanagar",,,,,,
Nrupathunga University,,,,,,
NTPC School of Business,,,,,,
"N. T.R. Govt. Degree & P.G College for (W), Mahabubnagar",,,,,,
Odisha School of Mining Engineering,,,,,,
"Odisha University of Technology and Research (formerly College of Engineering & Technology, Bhubaneswar)",,,,,,
ONOS Headquarter,,,,,,
Osmania University,,,,,,
Padmanath Gohain Baruah Government Model College,,,,,,
"Palamuru University,  Mahabubnagar",,,,,,
Panchayat College,,,,,,
Pandit Deen Dayal Upadhaya Institute for the Physically Handicapped,,,,,,
Panihati Mahavidyalaya,,,,,,
Panjab University,,,,,,
Panskura Banamali College,,,,,,
"Parala Maharaja Engineering College, Berhampur",,,,,,
Patherkandi College,,,,,,
"Patliputra University, Patna",,,,,,
"Patna University, Patna",,,,,,
Periyar University,,,,,,
"PERIYAR UNIVERSITY COLLEGE OF ARTS AND SCIENCE, IDAPPADI",,,,,,
Perunthalaivar Kamarajar Institute of Engineering and Technology,,,,,,
Pettigrew College,,,,,,
Physical Research Laboratory (PRL),,,,,,
Pondichery University,,,,,,
Post Graduate Institute of Medical Sciences,,,,,,
Potti Sreeramulu Telugu University,,,,,,
Pragjyotish College,,,,,,
Prasanta Chandra Mahalanobish Mahavidyalaya,,,,,,
Presidency University,,,,,,
"P.R.Govt.Degree College, Kakinada",,,,,,
"Principal K M Kundanani College of Pharmacy, Cuffe Parade, Mumbai",,,,,,
Professor Jayashankar Telangana State Agricultural University,,,,,,
"Prof. Gursewak Singh Government College of Physical Education, Patiala",,,,,,
"Prof. Rajendra Singh (Rajju Bhaiya) University, Prayagraj (Formerly Allahabad State University)",,,,,,
P. R. Thakur Govt. College,,,,,,
"PSC & KVSC Govt. Degree,",,,,,,
"P S Government Degree College, Penukonda",,,,,,
Pt. Bhagwat Dayal Sharma University of Health Sciences,,,,,,
Pt. Dwarka Prasad Mishra Indian Institute of Information Technology Design & Manufacturing,,,,,,
Pt.J.L.N.G.C,,,,,,
Pt. Ravishankar Shukla University,,,,,,
"Pt. Sundarlal Sharma (Open) University, Bilaspur",,,,,,
"Punjab Agricultural University, Ludhiana",,,,,,
"Punjab Engineering College - PEC (Deemed To Be University), Chandigarh",,,,,,
Punjabi University,,,,,,
"Purnea University, Purnia",,,,,,
"PVKN Govt.  Degree College,         CHITTOOR Urban",,,,,,
QUEEN MARYS COLLEGE,,,,,,
Rabindra Bharati University,,,,,,
"Radhanath Institute of Advanced Studies, Cuttack",,,,,,
Raichur Institute of Medical Sciences,,,,,,
Raiganj University,,,,,,
RAJA BHOJ GOVERNMENT COLLEGE MANDIDEEP,,,,,,
"Raja Ramanna Centre for Advanced Technology (RRCAT),Indore",,,,,,
Rajaram College,,,,,,
"Rajashree Chhatrapati Shahu Maharaj Govt. Medical College, Kolhapur",,,,,,
Rajasthan Technical University Kota,,,,,,
"Rajasthan University of Veterinary and Animal Sciences, Bikaner",,,,,,
Rajendra Institute of Medical Sciences (RIMS),,,,,,
Rajendra University,,,,,,
"Rajesh Pilot Govt. PG College, Lalsot",,,,,,
Rajiv Gandhi Centre for Biotechnology,,,,,,
"Rajiv Gandhi Govt. Engineering College, Kangra",,,,,,
Rajiv Gandhi Govt. Polytechnic,,,,,,
"Rajiv Gandhi Institute of Petroleum Technology, Rae Bareli",,,,,,
Rajiv Gandhi Institute of Technology Kottayam,,,,,,
"Rajiv Gandhi National Institute of Youth Development, Sriperumbudur",,,,,,
"Rajiv Gandhi National University of Law, Punjab",,,,,,
"Rajiv Gandhi PG Govt. College, Mandsaur",,,,,,
Rajiv Gandhi Proudyogiki Vishwavidyalaya,,,,,,
Rajiv Gandhi University,,,,,,
"Rajiv Gandhi University of Health Sciences, Bangalore",,,,,,
RAJIV GANDHI UNIVERSITY OF KNOWLEDGE TECHNOLOGIES,,,,,,
"Rajiv Gandhi University of Knowledge Technologies, Basar",,,,,,
"Rajiv Gandhi University of Knowledge Technologies, Nuzvid",,,,,,
"RAJIV GANDHI UNIVERSITY OF KNOWLEDGE TECHNOLOGIES, RK VALLEY",,,,,,
Rajiv Gandhi University of Knowledge Technologies-Srikakulam,,,,,,
"Rajkiya P.G. College,Obra, Sonebhadra",,,,,,
"Rajmata Vijayaraje Scindia Krishi Vishwa Vidyalaya, Gwalior",,,,,,
"RAMA DEVI WOMEN'S UNIVERSITY, BHUBANESWAR",,,,,,
Raman Research Institute,,,,,,
Ramanujan College,,,,,,
Ramkrishna Mahato Government Engineering College,,,,,,
"Ramkrishna Nagar College, Ramkrishnanagar, Karimganj",,,,,,
Rammohan College,,,,,,
Ramsaday College,,,,,,
Ranchi University,,,,,,
"Rangaraya Medical College, Kakinada",,,,,,
Rangia College,,,,,,
"Rani Anna Government College for Women, Tirunelveli - 627 008",,,,,,
"Rani Channamma University, Belagavi",,,,,,
Rani Durgavati Vishwavidyalaya,,,,,,
Rashtrakavi Ramdhari Singh Dinkar College of Engineering,,,,,,
Rashtrasant Tukadoji Maharaj Nagpur University,,,,,,
"Rashtriya Raksha University, Gandhinagar",,,,,,
Ravenshaw University,,,,,,
Rayalaseema University,,,,,,
R.C.S. College,,,,,,
"R C Technical Institute, Ahmedabad",,,,,,
"R.D.S.College, Muzaffarpur",,,,,,
"Regional Ayurveda Research Centre, Dimapur",,,,,,
"Regional Ayurveda Research Institute, Gwalior",,,,,,
"Regional Ayurveda Research Institute, Itanagar",,,,,,
Regional Centre for Biotechnology (Biotech Science Cluster Part I),,,,,,
"Regional College of Management, Bhubaneswar",,,,,,
"Regional Institute Of Education ,Manasagangothri Mysore",,,,,,
Regional Institute of English,,,,,,
Regional Institute of Medical Sciences,,,,,,
Regional Institute of Paramedical and Nursing Sciences (RIPANS),,,,,,
Research Centre Imarat,,,,,,
Research & Development Estt (Engrs),,,,,,
"Rimuli College, Rimuli",,,,,,
Rishi Bankim Chandra Evening College,,,,,,
"R.M.D.College of Science & Edu., Patia,BBSR, Khurda",,,,,,
"R.N. College, Hajipur",,,,,,
"RNT MEDICAL COLLEGE, UDAIPUR",,,,,,
Rourkela College,,,,,,
Sabang Sajani Kanta Mahavidyalaya,,,,,,
S.A.B.R. Govt. Degree College,,,,,,
Sadhu Ram Chand Murmu University of Jhargram,,,,,,
"Saha Institute of Nuclear Physics (SINP),Kolkata",,,,,,
Sambalpur University,,,,,,
Sampurnanand Sanskrit University,,,,,,
Sanchi University of Buddhist-Indic Studies,,,,,,
"Sanjay Gandhi Post Graduate Institute of Medical Sciences, Lucknow",,,,,,
Sant Gadge Baba Amravati University,,,,,,
Sant Longowal Institute of Engineering & Technology,,,,,,
Saraighat College,,,,,,
Sardar Beant Singh State University Gurdaspur,,,,,,
"Sardarkrushinagar Dantiwada Agricultural University, Banaskantha",,,,,,
Sardar Patel Institute of Economics & Social Research,,,,,,
Sardar Patel University,,,,,,
"SARDAR PATEL UNIVERSITY OF POLICE, SECURITY AND CRIMINAL JUSTICE",,,,,,
Sardar Vallabhbhai Patel Cluster University,,,,,,
"Sarguja University, Ambikapur",,,,,,
Sarojini Naidu College For Women,,,,,,
Sarupathar College P.O. Sarupathar,,,,,,
Satish Dhawan Space Centre,,,,,,
"Satyajit Ray Film and Television Institute, Kolkata",,,,,,
Satya Ranjan College,,,,,,
Satyawati College,,,,,,
Saurashtra University,,,,,,
Savitribai Phule Pune University,,,,,,
"S. B. D. Govt. College, Sardarshahar",,,,,,
"S.B.S. GOVERNMENT COLLEGE, HILI",,,,,,
S.B.Women,,,,,,
School of Open Learning,,,,,,
School of Planning and Archtecture,,,,,,
"School of Planning & Architecture, Bhopal",,,,,,
"School of Planning & Architecture, New Delhi",,,,,,
School of Planning & Architecture Vijaywada,,,,,,
Scientific Analysis Group,,,,,,
Secondary Training College,,,,,,
"Seth G.S. Medical  College & KEM Hospital, Parel, Mumbai",,,,,,
"S.G.A. Government Degree College, Yelamanchili",,,,,,
"S.G.T.B. Govt. College, Sathiala",,,,,,
Shaheed Bhagat Singh College (Evening),,,,,,
"Shaheed Hasan Khan Mewati Government Medical College, Nalhar",,,,,,
Shaheed Rajguru College of Applied Sciences for Women,,,,,,
Shahid Matangani Hazra Government College for Women,,,,,,
"SHANTILAL SHAH ENGINEERING COLLEGE ,BHAVNAGAR 043",,,,,,
"Sher-e-Kashmir Institute of Medical Sciences, Srinagar",,,,,,
"Sher-e-Kashmir University of Agricultural Science & Technology of Kashmir, Srinagar",,,,,,
Shivaji University,,,,,,
Shree Agrasen College,,,,,,
"Shree Rajiv Gandhi Government College, Banda",,,,,,
"Shree Somnath Sanskrit University, Junagarh",,,,,,
Shri Atal Bihari Vajpayee Medical College & Research Institute,,,,,,
"Shri Govind Guru Government College, Banswara",,,,,,
Shri Govind Guru University,,,,,,
"Shri Gurudeo Ayurved College, Gurukunj, Mozari",,,,,,
Shri Guru Gobind Singhji Institute of Engineering and Technology,,,,,,
"Shri K.J.Polytechnic,Bharuch 645",,,,,,
"Shri Krishna Ayush University, Kurukshetra",,,,,,
"Shri Krishna Government College, Kanwali (Rewari)",,,,,,
Shri Lal Bahadur Shashtri  Rashtriya Sanskrit Vidyapeeth,,,,,,
Shri Mata Vaishno Devi University,,,,,,
"Shri SitaRam Jaju Govt. Girls College, Neemuch",,,,,,
Shri Vishwakarma Skill University,,,,,,
Shyamsundar College,,,,,,
Sibsagar Girls College P.O.Sibsagar-785640,,,,,,
"Siddhartha Medical College, Vijayawada",,,,,,
"Sidharth Government Degree College, Nadaun",,,,,,
Sidho-Kanho Birsa University,,,,,,
"Sido Kanhu Murmu University, Dumka",,,,,,
Sikkim State Council of Science & Technology,,,,,,
Sikkim University,,,,,,
Silapathar Collge. P.O. Silapathar-787058,,,,,,
Silver Jubilee Degree College (Autonomous),,,,,,
"Sir Bhavsinhji Polytechnic Institute, Bhavnagar",,,,,,
"Sir M.V. Government Science College, Bhadravathi.",,,,,,
SISTER NIBEDITA GOVERNMENT GENERAL DEGREE COLLEGE FOR GIRLS,,,,,,
"SKNR GOVERNMENT ARTS & SCIENCE COLLEGE, DHARMAPURI ROAD, JAGTIAL",,,,,,
SKR & SKR Govt.Degree College for Women,,,,,,
S.K. Women's College,,,,,,
"S M S MEDICAL COLLEGE, JAIPUR",,,,,,
"Smt. Indira Gandhi Government First Grade Womens College, Sagara.",,,,,,
"Smt. Rukmini Shedthi Memorial National Govt. First Grade College, Barkur",,,,,,
Smt Saraladevi Satheshchandra Agarwal Government First Grade College Bellary,,,,,,
SNDT Women's University,,,,,,
"S.N.G. College, Mungeli (Bilaspur)",,,,,,
Soban Singh Jeena University,,,,,,
Social Studies Foundation,,,,,,
Solapur University,,,,,,
Solid State Physics Laboratory,,,,,,
"Sonari Commerce College, Sonari",,,,,,
South Asian University,,,,,,
"Space Applications Centre (ISRO) Industrial Area, Ahmedabad",,,,,,
"S P College, Srinagar",,,,,,
S.P.P.College P.O. Namtichariali--785684,,,,,,
"SR & BGNR Government College, Khammam",,,,,,
"Sree Chitra Thirunal College of Engineering, Thiruvananthapuram",,,,,,
"Sree Chitra Tirunal Institute for Medical Sciences and Technology, Thiruvananthapuram",,,,,,
Sreenarayanaguru Open University,,,,,,
"Sree Neelakanda Government Sanskrit College, Pattambi",,,,,,
Sree Sankaracharya University of Sanskrit,,,,,,
"Sri. C. Achutha Menon Govt. College, Kuttanellur",,,,,,
"Sri H.D Devegowda  Government First Grade College,Paduvalahippe",,,,,,
Sri Konda Laxman Telangana State Horticultural University (SKLTSHU),,,,,,
Sri Krishnadevraya University,,,,,,
Sri Padmavati Mahila Visvavidyalayam (Women's University),,,,,,
"Sri Parasakthi College for Women, Courtallam, Tirunelveli Dist. - 627  802",,,,,,
Sripat Singh College,,,,,,
"Sri Rama Chandra Arts & Science Government College, Kothagudem",,,,,,
"Sri Shivalingeshwara Government First Grade College, Channageri",,,,,,
Sri Sri Aniruddhdeva Sports University,,,,,,
"Sri Venkateswara Institute of Medical Sciences, Tirupathi",,,,,,
"Sri Venkateswara Medical College, Tirupati",,,,,,
Sri Venkateswara University,,,,,,
"Sri Venkateswara Veterinary University, Tirupathi",,,,,,
S R R & C V R Government College,,,,,,
SSLN GOVT. PENCH VALLEY PG COLLEGE PARASIA,,,,,,
Standard College,,,,,,
St. Anthony's College,,,,,,
STATE UNIVERSITY OF PERFORMING AND VISUAL ARTS,,,,,,
S.V. National Institute of Technology,,,,,,
"S.V.P. College, Bhabua",,,,,,
Swami Ramanand Teerth Marathwada University,,,,,,
"Swami Vivekananda Mahavidyalaya, Mohanpur",,,,,,
"Swami Vivekanand Government Degree College, Ghurmarwin",,,,,,
"Swami Vivekanand Govt. College, Lakhnadon, Seoni",,,,,,
"Swami Vivekanand Govt. Commerce College, Ratlam",,,,,,
Swami Yogananda Giri College,,,,,,
Swarnim Gujarat Sports University,,,,,,
Tagore Arts College,,,,,,
Taki Government College,,,,,,
"Tamilnadu Agricultural University, Coimbatore",,,,,,
Tamilnadu Dr. Ambedkar Law University,,,,,,
Tamil Nadu Dr. J. Jayalalithaa Fisheries University,,,,,,
"Tamil Nadu National Law School, Tiruchirappalli",,,,,,
"Tamil Nadu Open University, Chennai",,,,,,
"Tamil Nadu Physical Education and Sports University, Chennai",,,,,,
"Tamil Nadu Teacher Education University, Chennai",,,,,,
"Tamilnadu Veterinary & Animal Sciences University, Chennai",,,,,,
Tamil University,,,,,,
TARA Govt. College,,,,,,
"Tata Institute of Fundamental Research, Mumbai",,,,,,
Tata Institute of Social Sciences,,,,,,
"Tata Memorial Centre (TMC),Mumbai",,,,,,
Telangana Social Welfere Residential Degree College (Women),,,,,,
Telangana University,,,,,,
Terminal Ballistics Research Laboratory,,,,,,
Tezpur Medical College And Hospital,,,,,,
Tezpur University,,,,,,
Thanthai Periyar Government Institute of Technology,,,,,,
The English And Foreign Languages University,,,,,,
"The Institute of Mathematical Sciences (IMSc), Chennai",,,,,,
The Maharaja Sayajirao University of Baroda,,,,,,
"The West Bengal University of Health Sciences, Kolkata",,,,,,
"Thiru. A.Govindasamy Govt.Arts College, Tindivanam",,,,,,
Thiruvalluvar Government Arts College,,,,,,
"Thiruvalluvar University, Vellore",,,,,,
"Thiru. Vi. Ka. Government Arts College, Thiruvarur",,,,,,
"Thunchath Ezhuthachan Malayalam University, Tirur",,,,,,
"Tilak Ayurved Mahavidyalaya, Pune",,,,,,
"Tilka Manjhi Bhagalpur University, Bhagalpur",,,,,,
"Topiwala National Medical College, Mumbai Central",,,,,,
Tripura Institute of Technology,,,,,,
Tripura University,,,,,,
Tumkur University,,,,,,
UGC-DAE Consortium for Scientific Research.,,,,,,
"UGC-DAE Consortium for Scientific Research, Kolkata Centre",,,,,,
"Ujjain Engineering College, Sanwer Road, Ujjain",,,,,,
"U M K College, PO Ratanpur-Miri",,,,,,
Unit for R&D for information Products - URDIP,,,,,,
"University College for Women, Koti",,,,,,
University College of Engineering,,,,,,
University College of Medical Science & Guru Teg Bahadur Hospital,,,,,,
"University of Agricultural and Horticultural Sciences, Shimoga",,,,,,
"University of Agricultural Sciences, Bangalore",,,,,,
"University of Agricultural Sciences, Dharwad",,,,,,
"University of Agricultural Sciences, Raichur",,,,,,
University of Allahabad,,,,,,
University of Burdwan,,,,,,
University of Calicut,,,,,,
University of Delhi,,,,,,
"University of Gour Banga, Malda",,,,,,
"University  of Horticultural Sciences, Bagalkot",,,,,,
University of Hyderabad,,,,,,
University of Kashmir,,,,,,
University of Kerala,,,,,,
University of Kota,,,,,,
University of Ladakh,,,,,,
University of Lucknow,,,,,,
University of Madras,,,,,,
University of Mumbai,,,,,,
University of Mysore,,,,,,
University of North Bengal,,,,,,
University of Rajasthan,,,,,,
University of Visvesvaraya College of Engineering,,,,,,
U. N. Mehta Institute of Cardiology & Research Centre,,,,,,
"UP Pandit Deen Dayal Upadhyaya Veterinary University & Gau-Anusandhan Sansthan, Mathura",,,,,,
U R Rao Satellite Centre,,,,,,
Utkal University,,,,,,
Uttarakhand Open University,,,,,,
"Uttarakhand Sanskrit University, Haridwar",,,,,,
"Uttar Banga Krishi Vishwavidyalaya, Cooch Behar",,,,,,
"Uttar Pradesh University of Medical Sciences, Etawah",,,,,,
Vaikunth Mehta National Institute of Cooperative Management,,,,,,
Vallabhbhai Patel Chest Institute,,,,,,
"Vallabh Govt. College, Mandi",,,,,,
Vardhaman Mahaveer Open University,,,,,,
Vardhman Mahavir Medical College & Safdarjung Hospital,,,,,,
"Variable Energy Cyclotron Centre (VECC),Kolkata",,,,,,
VBS Purvanchal University,,,,,,
"Veer Kunwar Singh University, Arrah",,,,,,
Veermata Jijabai Technological Institute,,,,,,
Veer Narmad South Gujarat University,,,,,,
Veer Surendra Sai University of Technology,,,,,,
Vehicle Research & Development Establishment,,,,,,
"Vesveswaraiah Technological University, Belgaum",,,,,,
Vidyasagar University,,,,,,
"Vijayanagara Sri Krishnadevaraya University, Bellary",,,,,,
Vikram Sarabhai Space Centre,,,,,,
"Vikram Simhapuri University, Nellore",,,,,,
Vikram University,,,,,,
Vinoba Bhave University,,,,,,
Visakha Govt. Degree College for Women,,,,,,
"VISHWAKARMA GOVERNMENT ENGINEERING COLLEGE, CHANDKHEDA,GANDHINAGAR 017",,,,,,
"Visovadaya Govt. Degree College, Venkatagiri",,,,,,
Visva-Bharati,,,,,,
Visvesvaraya National Institute of Technology,,,,,,
Wadia Institute of Himalayan Geology,,,,,,
"West Bengal State University, Kolkata",,,,,,
West Guwahati Comm. College,,,,,,
"Women`s College, Tinsukia",,,,,,
Yashwantrao Chavan Maharashtra Open University,,,,,,
"Yogi Vemana University, Kadapa",,,,,,
Zakir Husain Delhi College,,,,,,
